id,Q1,Q2,Q3,Q4,Q5,Q6,Q7,Q8,Q9,Q10,Label
519766,4,3,3,2,"Partner,Friends","Skyscrapers=>1,Sport=>2,Art and Music=>4,Carnival=>5,Cuisine=>3,Economic=>6",24,3,3,Money and oil,Dubai
519766,2,2,4,3,"Partner,Friends","Skyscrapers=>1,Sport=>5,Art and Music=>6,Carnival=>3,Cuisine=>4,Economic=>2",26,2,2,"Jesus, soccerÂ ",Rio de Janeiro
519766,5,4,2,4,"Partner,Friends,Co-worker","Skyscrapers=>6,Sport=>1,Art and Music=>4,Carnival=>3,Cuisine=>2,Economic=>5",18,4,3,"Time square, technology, economic, Â music",New York City
519766,5,4,4,4,"Partner,Friends,Co-worker","Skyscrapers=>3,Sport=>1,Art and Music=>6,Carnival=>2,Cuisine=>5,Economic=>4",18,3,4,"Tower, French breads",Paris
521198,1,5,1,1,Friends,"Skyscrapers=>6,Sport=>1,Art and Music=>1,Carnival=>1,Cuisine=>1,Economic=>2",30,5,5,Dictatorship,Dubai
521198,3,2,2,2,"Partner,Friends,Siblings","Skyscrapers=>1,Sport=>4,Art and Music=>3,Carnival=>3,Cuisine=>2,Economic=>2",20,3,3,"Football, nymar",Rio de Janeiro
521198,5,4,3,3,Co-worker,"Skyscrapers=>6,Sport=>1,Art and Music=>4,Carnival=>2,Cuisine=>3,Economic=>5",-5,2,7,The city that never sleeps,New York City
521198,5,4,4,3,Partner,"Skyscrapers=>1,Sport=>4,Art and Music=>3,Carnival=>3,Cuisine=>4,Economic=>4",10,3,4,City of love,Paris
525292,3,4,5,3,Friends,"Skyscrapers=>6,Sport=>1,Art and Music=>1,Carnival=>1,Cuisine=>1,Economic=>5",25,6,5,,Dubai
525292,4,2,2,4,"Partner,Friends","Skyscrapers=>1,Sport=>3,Art and Music=>3,Carnival=>3,Cuisine=>1,Economic=>1",18,2,2,,Rio de Janeiro
525292,5,5,3,3,"Partner,Friends","Skyscrapers=>6,Sport=>4,Art and Music=>3,Carnival=>1,Cuisine=>4,Economic=>5",3,5,5,,New York City
525292,5,3,2,2,Partner,"Skyscrapers=>1,Sport=>1,Art and Music=>6,Carnival=>1,Cuisine=>2,Economic=>1",5,2,3,,Paris
308394,3,3,5,2,"Partner,Siblings","Skyscrapers=>6,Sport=>2,Art and Music=>4,Carnival=>1,Cuisine=>3,Economic=>5",25,3,2,â€œItâ€™s a city of gold!â€,Dubai
308394,4,2,3,5,"Friends,Siblings","Skyscrapers=>2,Sport=>5,Art and Music=>4,Carnival=>6,Cuisine=>3,Economic=>1",35,3,2,â€œAinâ€™t no party like a pony partyâ€,Rio de Janeiro
308394,5,4,3,2,"Partner,Friends","Skyscrapers=>6,Sport=>2,Art and Music=>3,Carnival=>1,Cuisine=>4,Economic=>5",0,3,5,"â€œThese streets will make you feel brand new, these lights will inspire you.â€",New York City
308394,5,2,4,1,Partner,"Skyscrapers=>2,Sport=>3,Art and Music=>6,Carnival=>1,Cuisine=>5,Economic=>4",10,2,10,â€œOmelette du fromageâ€Â ,Paris
522480,5,5,1,1,"Friends,Siblings","Skyscrapers=>6,Sport=>1,Art and Music=>1,Carnival=>3,Cuisine=>3,Economic=>6",24,2,4,"In Dubai, we don't wait for things to happen, we make them happen.",Dubai
522480,4,3,5,5,Friends,"Skyscrapers=>1,Sport=>6,Art and Music=>3,Carnival=>1,Cuisine=>4,Economic=>3",30,2,2,"Rio de Janeiro is not the capital of Brazil, but it's the heart of the country.",Rio de Janeiro
522480,5,5,3,5,"Partner,Friends,Siblings,Co-worker","Skyscrapers=>6,Sport=>3,Art and Music=>6,Carnival=>4,Cuisine=>6,Economic=>6",5,6,7,New York is a city that never sleep.,New York City
522480,5,5,5,5,"Friends,Siblings","Skyscrapers=>4,Sport=>4,Art and Music=>6,Carnival=>3,Cuisine=>6,Economic=>6",8,4,20,Paris is always a good idea.,Paris
491031,5,2,5,1,"Partner,Friends","Skyscrapers=>6,Sport=>1,Art and Music=>2,Carnival=>3,Cuisine=>4,Economic=>6",35,3,3,Habibi come to Dubai,Dubai
491031,4,1,2,5,"Partner,Friends","Skyscrapers=>1,Sport=>6,Art and Music=>6,Carnival=>6,Cuisine=>3,Economic=>3",20,2,3,Christ the Redeemer,Rio de Janeiro
491031,5,5,4,4,"Partner,Friends","Skyscrapers=>6,Sport=>5,Art and Music=>4,Carnival=>4,Cuisine=>4,Economic=>5",-5,6,7,I am bullish on that stock,New York City
491031,5,4,4,2,"Partner,Friends","Skyscrapers=>4,Sport=>6,Art and Music=>4,Carnival=>3,Cuisine=>4,Economic=>4",0,4,8,I love you,Paris
502644,5,4,5,5,Partner,"Skyscrapers=>5,Sport=>6,Art and Music=>6,Carnival=>3,Cuisine=>5,Economic=>4",25,4,5,where dreams reach new heightsÂ ,Dubai
502644,4,3,3,5,"Partner,Friends,Siblings","Skyscrapers=>2,Sport=>5,Art and Music=>5,Carnival=>6,Cuisine=>5,Economic=>4",25,3,3,"Brazil eats, sleeps and drinks football. It lives football!",Rio de Janeiro
502644,5,5,5,4,"Friends,Siblings,Co-worker","Skyscrapers=>6,Sport=>4,Art and Music=>5,Carnival=>2,Cuisine=>5,Economic=>6",5,6,7,The city that never sleeps,New York City
502644,5,4,4,4,Partner,"Skyscrapers=>5,Sport=>4,Art and Music=>5,Carnival=>2,Cuisine=>5,Economic=>5",10,6,10,The city of love,Paris
318703,4,2,3,4,"Friends,Siblings","Skyscrapers=>4,Sport=>2,Art and Music=>1,Carnival=>5,Cuisine=>3,Economic=>6",15,3,5,Never goodbye in Dubai.,Dubai
318703,4,4,2,3,"Partner,Friends,Siblings","Skyscrapers=>1,Sport=>6,Art and Music=>5,Carnival=>2,Cuisine=>4,Economic=>3",24,2,2,"In Rio, it's real.",Rio de Janeiro
318703,5,5,2,3,"Partner,Friends,Siblings,Co-worker","Skyscrapers=>4,Sport=>1,Art and Music=>3,Carnival=>2,Cuisine=>6,Economic=>5",5,2,5,Gigantic subway rats stealing pizzas.,New York City
318703,5,3,5,3,"Partner,Friends,Siblings","Skyscrapers=>6,Sport=>1,Art and Music=>2,Carnival=>3,Cuisine=>5,Economic=>4",10,5,5,Eiffel tower is cool.,Paris
521117,4,3,3,2,"Friends,Co-worker","Skyscrapers=>6,Sport=>2,Art and Music=>3,Carnival=>1,Cuisine=>4,Economic=>5",20,3,5,"Nothing in particular, I don't know much about Dubai.",Dubai
521117,3,3,4,4,Friends,"Skyscrapers=>2,Sport=>6,Art and Music=>3,Carnival=>1,Cuisine=>5,Economic=>4",30,3,6,"Nothing in particular, I am not very knowledgeable about this city.",Rio de Janeiro
521117,5,5,4,3,"Friends,Co-worker","Skyscrapers=>6,Sport=>3,Art and Music=>2,Carnival=>1,Cuisine=>4,Economic=>5",3,5,10,No quotes come to mind when thinking about this city.,New York City
521117,5,4,5,3,"Partner,Friends,Co-worker","Skyscrapers=>1,Sport=>2,Art and Music=>5,Carnival=>3,Cuisine=>6,Economic=>4",10,3,11,No quote comes into mind.,Paris
523024,4,2,5,3,Friends,"Skyscrapers=>6,Sport=>1,Art and Music=>1,Carnival=>1,Cuisine=>1,Economic=>5",29,3,5,A little slice of heaven.,Dubai
523024,3,2,2,4,Siblings,"Skyscrapers=>1,Sport=>6,Art and Music=>5,Carnival=>5,Cuisine=>2,Economic=>1",25,3,4,Family.,Rio de Janeiro
523024,5,5,2,1,"Partner,Friends,Siblings,Co-worker","Skyscrapers=>6,Sport=>1,Art and Music=>1,Carnival=>1,Cuisine=>2,Economic=>6",0,2,5,"Anyone can do my job, but no one can be me.",New York City
523024,5,2,4,3,"Partner,Friends","Skyscrapers=>1,Sport=>2,Art and Music=>6,Carnival=>2,Cuisine=>6,Economic=>2",-5,2,4,We'll always have Paris.,Paris
497131,3,3,4,4,"Partner,Friends","Skyscrapers=>6,Sport=>5,Art and Music=>2,Carnival=>6,Cuisine=>5,Economic=>6",26,3,3,welcome,Dubai
497131,4,3,3,5,"Partner,Friends","Skyscrapers=>1,Sport=>6,Art and Music=>4,Carnival=>6,Cuisine=>4,Economic=>3",23,4,2,score and birds,Rio de Janeiro
497131,4,5,4,3,"Friends,Co-worker","Skyscrapers=>6,Sport=>2,Art and Music=>5,Carnival=>3,Cuisine=>5,Economic=>6",0,1,4,expensive,New York City
497131,5,5,4,4,"Partner,Friends","Skyscrapers=>5,Sport=>4,Art and Music=>6,Carnival=>5,Cuisine=>5,Economic=>5",5,3,3,we shall not surrender,Paris
632485,4,4,5,2,Friends,"Skyscrapers=>6,Sport=>3,Art and Music=>2,Carnival=>1,Cuisine=>4,Economic=>5",22,4,3,burj khalifa,Dubai
632485,4,3,5,5,Friends,"Skyscrapers=>1,Sport=>4,Art and Music=>6,Carnival=>5,Cuisine=>3,Economic=>2",24,3,4,jesus,Rio de Janeiro
632485,5,5,3,2,Co-worker,"Skyscrapers=>6,Sport=>2,Art and Music=>3,Carnival=>1,Cuisine=>5,Economic=>4",6,2,6,i'm walking hereÂ ,New York City
632485,5,2,2,2,Partner,"Skyscrapers=>1,Sport=>2,Art and Music=>5,Carnival=>4,Cuisine=>6,Economic=>3",3,2,3,eiffel tower,Paris
519835,4,1,3,2,Partner,"Skyscrapers=>5,Sport=>5,Art and Music=>1,Carnival=>1,Cuisine=>1,Economic=>5",24,3,2,"Power corrupts, absolute power corrupts absolutely.",Dubai
519835,5,4,2,5,"Partner,Friends","Skyscrapers=>1,Sport=>5,Art and Music=>5,Carnival=>6,Cuisine=>4,Economic=>2",31,4,6,Social butterflies come alive at night.,Rio de Janeiro
519835,5,3,3,3,"Partner,Friends,Siblings,Co-worker","Skyscrapers=>6,Sport=>3,Art and Music=>5,Carnival=>2,Cuisine=>4,Economic=>6",2,4,10,Empty pockets never held anyone back. Only empty heads and empty hearts can do that.,New York City
519835,5,4,5,4,"Partner,Friends","Skyscrapers=>3,Sport=>5,Art and Music=>6,Carnival=>3,Cuisine=>5,Economic=>4",2,2,7,Paris is not a city; itâ€™s a world.,Paris
385944,5,5,5,5,Friends,"Skyscrapers=>6,Sport=>3,Art and Music=>2,Carnival=>4,Cuisine=>1,Economic=>5",28,3,8,rich gets richer,Dubai
385944,4,5,3,5,Partner,"Skyscrapers=>1,Sport=>4,Art and Music=>5,Carnival=>6,Cuisine=>3,Economic=>2",24,2,2,Carnival,Rio de Janeiro
385944,5,3,4,3,Partner,"Skyscrapers=>6,Sport=>3,Art and Music=>4,Carnival=>2,Cuisine=>1,Economic=>5",0,3,5,rich,New York City
385944,5,4,4,2,"Partner,Friends","Skyscrapers=>2,Sport=>5,Art and Music=>6,Carnival=>1,Cuisine=>4,Economic=>3",0,3,3,city of love,Paris
519934,4,4,5,4,"Partner,Friends,Siblings,Co-worker","Skyscrapers=>6,Sport=>2,Art and Music=>1,Carnival=>3,Cuisine=>5,Economic=>4",20,2,20,Never settle for less.,Dubai
519934,3,5,2,5,Friends,"Skyscrapers=>1,Sport=>6,Art and Music=>5,Carnival=>4,Cuisine=>3,Economic=>2",25,3,10,Beautiful sunny days,Rio de Janeiro
519934,5,5,4,3,"Friends,Co-worker","Skyscrapers=>5,Sport=>1,Art and Music=>2,Carnival=>3,Cuisine=>4,Economic=>6",0,1,5,Concrete jungle where dreams are made of,New York City
519934,5,4,4,3,"Partner,Friends","Skyscrapers=>2,Sport=>1,Art and Music=>6,Carnival=>3,Cuisine=>5,Economic=>4",10,2,10,The best food in France is made in Paris,Paris
414217,4,3,3,4,Friends,"Skyscrapers=>6,Sport=>4,Art and Music=>1,Carnival=>3,Cuisine=>2,Economic=>5",15,5,3,An oasis in the desert,Dubai
414217,3,3,3,4,Friends,"Skyscrapers=>1,Sport=>5,Art and Music=>4,Carnival=>6,Cuisine=>3,Economic=>2",25,7,5,Where the sun meets the sand,Rio de Janeiro
414217,5,4,4,2,"Friends,Co-worker","Skyscrapers=>5,Sport=>2,Art and Music=>4,Carnival=>1,Cuisine=>3,Economic=>6",2,3,15,The city that never sleeps,New York City
414217,4,3,5,3,Partner,"Skyscrapers=>2,Sport=>1,Art and Music=>6,Carnival=>4,Cuisine=>5,Economic=>3",5,2,10,City of love,Paris
315046,5,4,5,5,Friends,"Skyscrapers=>6,Sport=>1,Art and Music=>1,Carnival=>4,Cuisine=>3,Economic=>6",21,2,6,1,Dubai
315046,3,2,2,4,Co-worker,"Skyscrapers=>1,Sport=>6,Art and Music=>6,Carnival=>5,Cuisine=>5,Economic=>4",21,1,23,no,Rio de Janeiro
315046,5,5,5,1,"Partner,Friends,Siblings,Co-worker","Skyscrapers=>6,Sport=>1,Art and Music=>1,Carnival=>1,Cuisine=>1,Economic=>6",5,1,100,high tech,New York City
315046,5,2,5,1,"Partner,Friends,Siblings","Skyscrapers=>1,Sport=>1,Art and Music=>6,Carnival=>1,Cuisine=>6,Economic=>4",5,1,8,Bonjour,Paris
501455,5,3,5,5,"Friends,Siblings,Co-worker","Skyscrapers=>5,Sport=>1,Art and Music=>2,Carnival=>3,Cuisine=>4,Economic=>6",18,4,100,Money can't buy you happiness.,Dubai
501455,2,1,2,4,"Partner,Friends,Siblings","Skyscrapers=>1,Sport=>4,Art and Music=>3,Carnival=>2,Cuisine=>6,Economic=>5",1,12,21,Life is either a daring adventure or nothing.,Rio de Janeiro
501455,5,5,4,5,"Partner,Friends,Siblings,Co-worker","Skyscrapers=>5,Sport=>3,Art and Music=>2,Carnival=>4,Cuisine=>1,Economic=>6",-12,2,13,We are not what we know but what we are willing to learn.,New York City
501455,5,5,5,5,"Partner,Friends,Siblings","Skyscrapers=>6,Sport=>1,Art and Music=>5,Carnival=>3,Cuisine=>4,Economic=>2",-2,4,10,Spread love everywhere you go.,Paris
92814,4,3,5,3,Friends,"Skyscrapers=>6,Sport=>2,Art and Music=>2,Carnival=>3,Cuisine=>3,Economic=>5",27,5,3,your line is not long enough,Dubai
92814,3,4,3,5,Co-worker,"Skyscrapers=>3,Sport=>6,Art and Music=>4,Carnival=>6,Cuisine=>4,Economic=>4",25,3,2,,Rio de Janeiro
92814,5,5,5,3,"Partner,Co-worker","Skyscrapers=>6,Sport=>6,Art and Music=>6,Carnival=>3,Cuisine=>4,Economic=>6",-5,15,3,We're gonna be in the Hudson,New York City
92814,4,4,4,4,"Partner,Friends","Skyscrapers=>2,Sport=>4,Art and Music=>5,Carnival=>2,Cuisine=>6,Economic=>4",5,5,3,"I guess when youâ€™re young, you just believe thereâ€™ll be many people with whom youâ€™ll connect with. Later in life, you realize it only happens a few times.",Paris
497755,5,4,5,3,"Partner,Friends,Siblings","Skyscrapers=>6,Sport=>2,Art and Music=>4,Carnival=>1,Cuisine=>3,Economic=>5",25,3,10,A place that you will never forget (probably),Dubai
497755,4,4,3,5,Friends,"Skyscrapers=>1,Sport=>6,Art and Music=>4,Carnival=>5,Cuisine=>3,Economic=>2",25,2,5,Futball,Rio de Janeiro
497755,5,2,3,2,Co-worker,"Skyscrapers=>5,Sport=>4,Art and Music=>3,Carnival=>2,Cuisine=>1,Economic=>6",5,4,6,The city that never sleeps,New York City
497755,5,2,4,4,"Partner,Friends","Skyscrapers=>2,Sport=>5,Art and Music=>6,Carnival=>3,Cuisine=>4,Economic=>1",8,4,15,City of love,Paris
328874,5,5,5,3,"Partner,Friends,Siblings","Skyscrapers=>6,Sport=>3,Art and Music=>2,Carnival=>1,Cuisine=>4,Economic=>5",19,12,20,"""we don't wait for things to happen, we make them happen.""",Dubai
328874,5,4,4,5,"Partner,Friends,Siblings","Skyscrapers=>1,Sport=>4,Art and Music=>5,Carnival=>6,Cuisine=>3,Economic=>2",30,5,10,"""A city where the land meets the sea, the forest meets the city, and the streets sing with rhythm and color.""",Rio de Janeiro
328874,5,5,5,3,"Partner,Friends,Siblings,Co-worker","Skyscrapers=>6,Sport=>5,Art and Music=>4,Carnival=>3,Cuisine=>2,Economic=>1",3,200,20,"""a place where one can find anything and everything, where dreams are made and ambitions are fulfilled""",New York City
328874,5,4,5,3,Partner,"Skyscrapers=>3,Sport=>1,Art and Music=>6,Carnival=>2,Cuisine=>5,Economic=>4",4.5,100,15,"""is not a city; it's a world""",Paris
629847,5,5,5,1,"Friends,Siblings,Co-worker","Skyscrapers=>6,Sport=>3,Art and Music=>2,Carnival=>1,Cuisine=>4,Economic=>5",15,30,40,"We shape our buildings, thereafter they shape us.",Dubai
629847,5,5,4,5,"Partner,Friends,Siblings","Skyscrapers=>2,Sport=>5,Art and Music=>4,Carnival=>6,Cuisine=>3,Economic=>1",30,7,50,"Let me take you to Rio, fly over the ocean like an eagle.",Rio de Janeiro
629847,5,5,5,2,"Partner,Friends,Siblings,Co-worker","Skyscrapers=>6,Sport=>4,Art and Music=>2,Carnival=>1,Cuisine=>3,Economic=>5",5,40,50,"New York, concrete jungle where dreams are made of.",New York City
629847,5,5,1,3,"Partner,Friends","Skyscrapers=>2,Sport=>4,Art and Music=>6,Carnival=>5,Cuisine=>3,Economic=>1",0,20,20,Viva la France!,Paris
508586,3,4,5,4,Siblings,"Skyscrapers=>5,Sport=>1,Art and Music=>3,Carnival=>4,Cuisine=>2,Economic=>6",15,2,4,What are your superpowers again? I'm rich.,Dubai
508586,4,4,2,5,Friends,"Skyscrapers=>1,Sport=>6,Art and Music=>5,Carnival=>4,Cuisine=>3,Economic=>2",25,3,7,You're going to Brazil.,Rio de Janeiro
508586,5,5,3,2,"Friends,Siblings","Skyscrapers=>5,Sport=>4,Art and Music=>2,Carnival=>3,Cuisine=>1,Economic=>6",10,3,8,"In New York (ayy, ah-ha) (uh, yeah)
Concrete jungle (yeah) where dreams are made of",New York City
508586,5,3,2,1,Partner,"Skyscrapers=>1,Sport=>2,Art and Music=>6,Carnival=>1,Cuisine=>5,Economic=>4",10,2,13,city of love,Paris
317154,5,4,1,4,Partner,"Skyscrapers=>6,Sport=>3,Art and Music=>1,Carnival=>2,Cuisine=>1,Economic=>6",30,5,5,Tall buildings and expensive cars.,Dubai
317154,3,2,4,5,"Partner,Friends","Skyscrapers=>2,Sport=>5,Art and Music=>6,Carnival=>3,Cuisine=>1,Economic=>4",30,4,4,Soccer and olympics.,Rio de Janeiro
317154,5,5,4,3,"Partner,Co-worker","Skyscrapers=>6,Sport=>3,Art and Music=>5,Carnival=>1,Cuisine=>1,Economic=>6",5,3,3,Wall street. Trading and finance. patagonia vests.,New York City
317154,5,4,4,4,Partner,"Skyscrapers=>3,Sport=>3,Art and Music=>3,Carnival=>3,Cuisine=>5,Economic=>3",10,2,10,Eiffel tower and soccer.,Paris
522075,4,3,4,4,"Partner,Friends","Skyscrapers=>6,Sport=>1,Art and Music=>3,Carnival=>4,Cuisine=>5,Economic=>2",25,3,2,0% income tax,Dubai
522075,3,3,3,5,"Partner,Friends","Skyscrapers=>1,Sport=>3,Art and Music=>5,Carnival=>6,Cuisine=>4,Economic=>2",25,3,5,Rio!,Rio de Janeiro
522075,5,4,2,3,"Partner,Friends,Siblings","Skyscrapers=>6,Sport=>2,Art and Music=>5,Carnival=>3,Cuisine=>4,Economic=>2",5,1,8,With great power comes great responsibility,New York City
522075,4,3,4,2,Partner,"Skyscrapers=>2,Sport=>1,Art and Music=>5,Carnival=>3,Cuisine=>6,Economic=>4",15,2,6,Baguette,Paris
390735,3,3,4,4,Friends,"Skyscrapers=>5,Sport=>1,Art and Music=>6,Carnival=>4,Cuisine=>3,Economic=>2",17,2,2,"â€œDubai, with all of its glitz and glamour rose in the heart of the desert.â€",Dubai
390735,3,4,3,5,"Partner,Siblings","Skyscrapers=>1,Sport=>6,Art and Music=>4,Carnival=>5,Cuisine=>3,Economic=>2",23,2,2,"""In Brazil every kid starts playing street football very early. It's in our blood. As a professional I started at Sao Cristovao in the city of Rio de Janeiro. Of course I also played in the beach soccer league, barefoot.""",Rio de Janeiro
390735,5,5,3,4,"Partner,Friends","Skyscrapers=>5,Sport=>1,Art and Music=>2,Carnival=>4,Cuisine=>3,Economic=>6",2,1,5,â€œMake your mark in New York and you are a made man.â€,New York City
390735,4,3,4,3,"Partner,Siblings","Skyscrapers=>4,Sport=>1,Art and Music=>5,Carnival=>3,Cuisine=>6,Economic=>2",3,2,2,"""Paris is not a city, it's a world.""",Paris
494488,4,4,2,1,"Partner,Friends","Skyscrapers=>6,Sport=>3,Art and Music=>2,Carnival=>1,Cuisine=>4,Economic=>5",20,2,4,Go big or go home,Dubai
494488,3,3,3,5,"Partner,Friends,Siblings","Skyscrapers=>1,Sport=>5,Art and Music=>4,Carnival=>6,Cuisine=>3,Economic=>2",15,1,6,Dance the night awayÂ ,Rio de Janeiro
494488,5,5,3,3,"Partner,Friends,Siblings,Co-worker","Skyscrapers=>6,Sport=>1,Art and Music=>4,Carnival=>2,Cuisine=>3,Economic=>5",5,5,50,Dream bigÂ ,New York City
494488,5,3,4,4,Partner,"Skyscrapers=>1,Sport=>3,Art and Music=>6,Carnival=>2,Cuisine=>5,Economic=>4",10,2,60,All you need is loveÂ ,Paris
496699,4,3,3,3,"Partner,Friends,Siblings,Co-worker","Skyscrapers=>6,Sport=>3,Art and Music=>3,Carnival=>3,Cuisine=>3,Economic=>6",25,5,5,money,Dubai
496699,3,3,3,3,"Partner,Friends,Siblings,Co-worker","Skyscrapers=>3,Sport=>3,Art and Music=>3,Carnival=>3,Cuisine=>3,Economic=>3",25,5,5,football,Rio de Janeiro
496699,5,5,5,5,"Partner,Friends,Siblings,Co-worker","Skyscrapers=>6,Sport=>6,Art and Music=>6,Carnival=>6,Cuisine=>6,Economic=>6",20,10,10,freedom,New York City
496699,5,4,4,4,"Partner,Friends,Siblings,Co-worker","Skyscrapers=>5,Sport=>5,Art and Music=>5,Carnival=>5,Cuisine=>5,Economic=>5",22,8,8,luxury,Paris
302916,5,2,3,1,"Siblings,Co-worker","Skyscrapers=>6,Sport=>1,Art and Music=>3,Carnival=>2,Cuisine=>4,Economic=>5",20,4,7,Flashy and lavish,Dubai
302916,4,3,2,3,"Friends,Co-worker","Skyscrapers=>1,Sport=>4,Art and Music=>5,Carnival=>6,Cuisine=>3,Economic=>2",25,3,5,Christ the Redeemer,Rio de Janeiro
302916,5,4,2,3,"Partner,Friends,Siblings","Skyscrapers=>6,Sport=>2,Art and Music=>3,Carnival=>1,Cuisine=>4,Economic=>5",10,3,7,Statue of Liberty,New York City
302916,5,2,4,2,"Partner,Friends,Siblings","Skyscrapers=>1,Sport=>3,Art and Music=>5,Carnival=>4,Cuisine=>6,Economic=>2",10,3,6,Eiffel Tower,Paris
507409,4,4,4,2,Co-worker,"Skyscrapers=>6,Sport=>2,Art and Music=>3,Carnival=>2,Cuisine=>3,Economic=>5",24,3,5,"A city of excessÂ 

Built on a house of cards (oil source is finite)",Dubai
507409,3,2,3,5,"Partner,Friends","Skyscrapers=>2,Sport=>6,Art and Music=>5,Carnival=>6,Cuisine=>3,Economic=>1",30,2,8,"Carnival

playing football on the beach

Â ",Rio de Janeiro
507409,5,4,4,3,"Partner,Friends,Siblings,Co-worker","Skyscrapers=>6,Sport=>4,Art and Music=>5,Carnival=>3,Cuisine=>6,Economic=>6",2,10,30,"A second plane has hit the building

Big apple

Â ",New York City
507409,5,3,4,3,"Partner,Friends","Skyscrapers=>4,Sport=>3,Art and Music=>5,Carnival=>2,Cuisine=>4,Economic=>4",5,3,20,Bed bugs in Paris Fashion Week,Paris
516935,3,3,3,2,Co-worker,"Skyscrapers=>6,Sport=>1,Art and Music=>1,Carnival=>1,Cuisine=>2,Economic=>6",20,10,3,Money is King,Dubai
516935,4,2,3,5,Friends,"Skyscrapers=>2,Sport=>6,Art and Music=>4,Carnival=>6,Cuisine=>2,Economic=>1",27,3,5,Play or die,Rio de Janeiro
516935,5,5,5,5,"Partner,Friends,Siblings,Co-worker","Skyscrapers=>6,Sport=>6,Art and Music=>6,Carnival=>3,Cuisine=>5,Economic=>6",18,10,50,Freeeedom,New York City
516935,5,5,5,5,"Partner,Friends,Siblings,Co-worker","Skyscrapers=>3,Sport=>3,Art and Music=>6,Carnival=>3,Cuisine=>6,Economic=>5",20,6,50,Who was in paris,Paris
408332,5,5,5,3,"Partner,Friends","Skyscrapers=>6,Sport=>4,Art and Music=>1,Carnival=>2,Cuisine=>3,Economic=>5",30,3,10,Burj Khalifa,Dubai
408332,4,3,3,5,Friends,"Skyscrapers=>1,Sport=>4,Art and Music=>3,Carnival=>6,Cuisine=>5,Economic=>2",35,4,10,Fifa world cup,Rio de Janeiro
408332,5,5,5,5,"Partner,Friends,Co-worker","Skyscrapers=>5,Sport=>2,Art and Music=>3,Carnival=>1,Cuisine=>4,Economic=>6",10,1,15,In New York by Alicia Keys,New York City
408332,4,2,3,2,Partner,"Skyscrapers=>1,Sport=>3,Art and Music=>6,Carnival=>4,Cuisine=>5,Economic=>2",10,2,10,La Baguette,Paris
321111,5,3,2,2,"Partner,Friends,Siblings,Co-worker","Skyscrapers=>6,Sport=>2,Art and Music=>3,Carnival=>2,Cuisine=>4,Economic=>5",20,5,4,It is the desert miracle.,Dubai
321111,4,2,3,4,"Partner,Friends","Skyscrapers=>2,Sport=>6,Art and Music=>5,Carnival=>6,Cuisine=>4,Economic=>2",25,2,2,The city of fiesta.,Rio de Janeiro
321111,5,4,3,2,"Partner,Friends,Siblings,Co-worker","Skyscrapers=>6,Sport=>4,Art and Music=>6,Carnival=>2,Cuisine=>5,Economic=>6",0,5,4,The most successful city in the world.,New York City
321111,5,3,4,2,"Partner,Co-worker","Skyscrapers=>1,Sport=>5,Art and Music=>6,Carnival=>1,Cuisine=>5,Economic=>4",5,2,10,The city of fashion.,Paris
520991,5,3,4,3,"Partner,Friends,Siblings,Co-worker","Skyscrapers=>6,Sport=>4,Art and Music=>1,Carnival=>2,Cuisine=>3,Economic=>5",25,6,6,wrenching life from the dessert,Dubai
520991,4,2,2,4,"Partner,Friends,Siblings","Skyscrapers=>3,Sport=>6,Art and Music=>4,Carnival=>5,Cuisine=>2,Economic=>1",30,3,4,big jesus statue,Rio de Janeiro
520991,5,5,3,2,Co-worker,"Skyscrapers=>6,Sport=>2,Art and Music=>3,Carnival=>1,Cuisine=>4,Economic=>5",20,1,7,big apple,New York City
520991,5,4,5,3,Partner,"Skyscrapers=>4,Sport=>1,Art and Music=>6,Carnival=>2,Cuisine=>5,Economic=>3",20,2,5,city of love,Paris
414328,5,3,4,3,Friends,"Skyscrapers=>6,Sport=>1,Art and Music=>2,Carnival=>1,Cuisine=>3,Economic=>5",30,3,3,"money, money, money, money",Dubai
414328,4,4,3,5,"Partner,Friends,Siblings","Skyscrapers=>2,Sport=>6,Art and Music=>6,Carnival=>6,Cuisine=>4,Economic=>3",17,2,4,Football!,Rio de Janeiro
414328,4,4,4,2,Co-worker,"Skyscrapers=>6,Sport=>1,Art and Music=>3,Carnival=>1,Cuisine=>2,Economic=>6",5,2,4,I'm walkin here! (idk),New York City
414328,5,3,4,3,Partner,"Skyscrapers=>2,Sport=>5,Art and Music=>6,Carnival=>3,Cuisine=>6,Economic=>4",14,2,4,Baguette de la oui oui!,Paris
601547,4,3,2,5,"Friends,Co-worker","Skyscrapers=>6,Sport=>2,Art and Music=>2,Carnival=>3,Cuisine=>3,Economic=>6",20,2,1,rich people energy,Dubai
601547,3,1,3,5,Partner,"Skyscrapers=>1,Sport=>4,Art and Music=>6,Carnival=>6,Cuisine=>3,Economic=>4",25,2,2,the blue bird rio,Rio de Janeiro
601547,5,5,3,5,"Partner,Friends","Skyscrapers=>6,Sport=>3,Art and Music=>6,Carnival=>6,Cuisine=>3,Economic=>3",15,8,10,"in new york, concrete jungle where dreams are made of",New York City
601547,5,4,4,3,Partner,"Skyscrapers=>2,Sport=>1,Art and Music=>5,Carnival=>4,Cuisine=>2,Economic=>4",15,4,4,la vi en rose,Paris
612184,4,5,5,4,Partner,"Skyscrapers=>6,Sport=>2,Art and Music=>3,Carnival=>4,Cuisine=>5,Economic=>6",30,2,5,luxurious,Dubai
612184,2,2,1,3,Partner,"Skyscrapers=>1,Sport=>6,Art and Music=>5,Carnival=>5,Cuisine=>1,Economic=>2",20,1,2,neymar jr siuu,Rio de Janeiro
612184,5,5,3,4,"Partner,Friends,Siblings","Skyscrapers=>5,Sport=>1,Art and Music=>2,Carnival=>2,Cuisine=>2,Economic=>6",2,2,2,concrete jungle where dreams were made of,New York City
612184,5,2,5,1,Partner,"Skyscrapers=>2,Sport=>6,Art and Music=>6,Carnival=>4,Cuisine=>5,Economic=>5",10,2,100,bonjour,Paris
622833,4,2,4,3,Friends,"Skyscrapers=>6,Sport=>2,Art and Music=>3,Carnival=>2,Cuisine=>4,Economic=>6",15,3,10,Richï¼,Dubai
622833,2,2,,4,"Partner,Friends,Siblings,Co-worker","Skyscrapers=>1,Sport=>6,Art and Music=>5,Carnival=>4,Cuisine=>4,Economic=>2",20,2,5,Football!,Rio de Janeiro
622833,5,4,4,3,Partner,"Skyscrapers=>6,Sport=>2,Art and Music=>4,Carnival=>3,Cuisine=>3,Economic=>6",0,5,20,Welcome to New York,New York City
622833,5,5,5,4,Partner,"Skyscrapers=>3,Sport=>3,Art and Music=>6,Carnival=>4,Cuisine=>5,Economic=>3",5,2,25,We all fear death and question our place in the universe. The artist's job is not to succumb to despair but to find an antidote for the emptiness of existence.,Paris
514152,3,3,4,4,Friends,"Skyscrapers=>4,Sport=>4,Art and Music=>4,Carnival=>4,Cuisine=>6,Economic=>5",20,5,7,I think this city is great and gorgeous.,Dubai
514152,4,4,3,3,Siblings,"Skyscrapers=>4,Sport=>5,Art and Music=>5,Carnival=>6,Cuisine=>2,Economic=>4",10,30,10,It is a great city.,Rio de Janeiro
514152,5,4,4,4,Friends,"Skyscrapers=>6,Sport=>6,Art and Music=>6,Carnival=>5,Cuisine=>3,Economic=>6",4,5,10,It is a great city.,New York City
514152,5,5,5,5,Friends,"Skyscrapers=>2,Sport=>1,Art and Music=>6,Carnival=>5,Cuisine=>6,Economic=>2",8,3,5,It is a great city.,Paris
325166,3,4,5,2,Partner,"Skyscrapers=>6,Sport=>3,Art and Music=>1,Carnival=>3,Cuisine=>3,Economic=>6",10,2,5,Money Money Money,Dubai
325166,4,2,4,3,Friends,"Skyscrapers=>3,Sport=>5,Art and Music=>3,Carnival=>5,Cuisine=>3,Economic=>3",5,3,6,Fast and Furious 5,Rio de Janeiro
325166,5,5,5,5,"Partner,Friends,Siblings,Co-worker","Skyscrapers=>6,Sport=>1,Art and Music=>6,Carnival=>6,Cuisine=>3,Economic=>1",5,6,10,Ohh~ New York~,New York City
325166,5,4,5,5,Partner,"Skyscrapers=>1,Sport=>3,Art and Music=>6,Carnival=>6,Cuisine=>6,Economic=>3",-10,3,7,The IntouchablesÂ ,Paris
499778,4,2,5,1,"Friends,Siblings","Skyscrapers=>6,Sport=>4,Art and Music=>3,Carnival=>1,Cuisine=>2,Economic=>5",20,5,5,"""Here comes the money..."" -Naughty by Nature, Here Comes the Money",Dubai
499778,5,4,3,5,"Partner,Friends","Skyscrapers=>2,Sport=>6,Art and Music=>5,Carnival=>4,Cuisine=>3,Economic=>1",20,3,30,"""Oh, let's break it down!"" -LÃºcio from Overwatch",Rio de Janeiro
499778,5,5,3,3,"Partner,Friends,Co-worker","Skyscrapers=>6,Sport=>2,Art and Music=>5,Carnival=>1,Cuisine=>3,Economic=>4",-10,3,50,"""I grew up on the crime side, the New York Times side, Staying alive was no jive"" -Wu-Tang Clan, C.R.E.A.M.",New York City
499778,5,3,4,2,Partner,"Skyscrapers=>1,Sport=>4,Art and Music=>6,Carnival=>3,Cuisine=>5,Economic=>2",0,1,50,"""Everyone can cook!"" -Chef Gusteau, Ratatouille",Paris
523494,5,4,2,2,"Partner,Siblings","Skyscrapers=>6,Sport=>1,Art and Music=>1,Carnival=>2,Cuisine=>1,Economic=>5",20,4,2,rich,Dubai
523494,4,2,2,2,"Partner,Siblings","Skyscrapers=>1,Sport=>6,Art and Music=>5,Carnival=>5,Cuisine=>1,Economic=>2",30,2,2,"Olympics

Â ",Rio de Janeiro
523494,5,5,5,5,"Partner,Friends,Siblings","Skyscrapers=>3,Sport=>3,Art and Music=>6,Carnival=>6,Cuisine=>5,Economic=>6",0,8,5,artistic,New York City
523494,5,5,4,4,"Partner,Friends,Siblings","Skyscrapers=>2,Sport=>2,Art and Music=>6,Carnival=>2,Cuisine=>4,Economic=>5",5,5,4,Romance and eleganceÂ ,Paris
521972,5,5,5,3,"Partner,Friends,Siblings","Skyscrapers=>6,Sport=>2,Art and Music=>2,Carnival=>4,Cuisine=>6,Economic=>6",20,3,4,"No word such as ""impossible"" exist",Dubai
521972,5,4,5,5,"Partner,Friends","Skyscrapers=>3,Sport=>6,Art and Music=>6,Carnival=>6,Cuisine=>6,Economic=>3",25,3,6,"Live your life, don't get sucked into one",Rio de Janeiro
521972,5,5,5,5,"Partner,Friends,Siblings,Co-worker","Skyscrapers=>6,Sport=>6,Art and Music=>6,Carnival=>6,Cuisine=>6,Economic=>6",0,10,20,A day in the life of a movie,New York City
521972,5,5,5,5,Partner,"Skyscrapers=>6,Sport=>6,Art and Music=>6,Carnival=>4,Cuisine=>6,Economic=>5",5,4,30,The bolder the better,Paris
519722,5,5,5,3,"Partner,Friends,Siblings","Skyscrapers=>5,Sport=>3,Art and Music=>1,Carnival=>2,Cuisine=>4,Economic=>6",20,5,3,"""Where tradition and the present meet the future""",Dubai
519722,4,2,2,5,"Partner,Friends,Siblings","Skyscrapers=>1,Sport=>4,Art and Music=>5,Carnival=>6,Cuisine=>3,Economic=>2",25,2,5,"""Where people come together and celebrations come to life.""",Rio de Janeiro
519722,5,4,3,3,"Partner,Friends,Siblings,Co-worker","Skyscrapers=>6,Sport=>2,Art and Music=>4,Carnival=>1,Cuisine=>3,Economic=>5",1,10,8,"""The city that never sleeps""",New York City
519722,5,2,3,2,"Partner,Friends,Siblings","Skyscrapers=>2,Sport=>5,Art and Music=>6,Carnival=>1,Cuisine=>3,Economic=>4",5,5,4,"""The city of love and passion""",Paris
313791,5,4,5,4,"Partner,Friends","Skyscrapers=>6,Sport=>1,Art and Music=>3,Carnival=>2,Cuisine=>4,Economic=>5",25,5,20,a city of luxury,Dubai
313791,4,2,1,4,"Partner,Friends","Skyscrapers=>2,Sport=>3,Art and Music=>5,Carnival=>6,Cuisine=>4,Economic=>1",27,3,5,City of fun,Rio de Janeiro
313791,5,5,5,5,"Partner,Co-worker","Skyscrapers=>5,Sport=>2,Art and Music=>3,Carnival=>1,Cuisine=>4,Economic=>6",-10,6,20,A city that controls economy,New York City
313791,5,4,5,3,"Partner,Friends","Skyscrapers=>4,Sport=>2,Art and Music=>6,Carnival=>1,Cuisine=>5,Economic=>3",-8,5,20,City of art,Paris
496245,4,3,5,5,Friends,"Skyscrapers=>6,Sport=>1,Art and Music=>1,Carnival=>3,Cuisine=>1,Economic=>6",30,6,10,"money, rich, and skyscrapers.",Dubai
496245,3,1,1,3,Siblings,"Skyscrapers=>2,Sport=>2,Art and Music=>2,Carnival=>2,Cuisine=>2,Economic=>2",30,4,5,beautiful beach and mountain,Rio de Janeiro
496245,5,5,4,4,Partner,"Skyscrapers=>6,Sport=>2,Art and Music=>6,Carnival=>1,Cuisine=>4,Economic=>6",5,3,10,"""Dreams, works, many skyscrapers but also dirty""",New York City
496245,4,5,5,5,Partner,"Skyscrapers=>5,Sport=>1,Art and Music=>6,Carnival=>1,Cuisine=>6,Economic=>4",5,4,10,"""romantic mood and fashion city""",Paris
630016,5,3,5,2,"Friends,Siblings","Skyscrapers=>6,Sport=>2,Art and Music=>1,Carnival=>3,Cuisine=>5,Economic=>4",25,4,3,"""Money makes the world go round""",Dubai
630016,4,4,4,4,Siblings,"Skyscrapers=>1,Sport=>4,Art and Music=>5,Carnival=>6,Cuisine=>3,Economic=>2",30,3,6,"""Samba Samba""",Rio de Janeiro
630016,5,2,2,2,Co-worker,"Skyscrapers=>6,Sport=>1,Art and Music=>3,Carnival=>2,Cuisine=>4,Economic=>5",5,6,10,"""you haven't lived until you've seen new york""",New York City
630016,5,2,5,2,Partner,"Skyscrapers=>6,Sport=>3,Art and Music=>4,Carnival=>1,Cuisine=>5,Economic=>2",15,4,4,"""oui oui Baguette""",Paris
286825,4,5,5,4,Friends,"Skyscrapers=>6,Sport=>1,Art and Music=>1,Carnival=>2,Cuisine=>5,Economic=>5",43,3,4,Modern-day slavery.,Dubai
286825,3,2,3,4,Partner,"Skyscrapers=>2,Sport=>6,Art and Music=>6,Carnival=>6,Cuisine=>6,Economic=>1",28,7,7,Alot of crime.,Rio de Janeiro
286825,5,5,3,2,Partner,"Skyscrapers=>6,Sport=>2,Art and Music=>4,Carnival=>4,Cuisine=>6,Economic=>6",2,10,20,Greatest city on earth.,New York City
286825,5,4,5,3,Partner,"Skyscrapers=>1,Sport=>5,Art and Music=>6,Carnival=>4,Cuisine=>6,Economic=>4",10,2,10,"If you are lucky enough to have lived in Paris as a young man, then wherever you go for the rest of your life, it stays with you, for Paris is a moveable feast.",Paris
631752,5,3,5,3,"Partner,Friends,Siblings","Skyscrapers=>6,Sport=>3,Art and Music=>4,Carnival=>2,Cuisine=>1,Economic=>5",30,3,8,"""habibi, come to dubai""",Dubai
631752,3,2,2,5,"Partner,Friends,Siblings","Skyscrapers=>1,Sport=>4,Art and Music=>5,Carnival=>6,Cuisine=>3,Economic=>2",20,3,5,"""amigo, vamos""",Rio de Janeiro
631752,4,3,3,1,"Partner,Friends,Siblings,Co-worker","Skyscrapers=>5,Sport=>1,Art and Music=>3,Carnival=>2,Cuisine=>4,Economic=>6",10,6,10,"""build a wall""",New York City
631752,4,2,3,3,Partner,"Skyscrapers=>2,Sport=>3,Art and Music=>6,Carnival=>1,Cuisine=>5,Economic=>4",15,5,10,"""oui oui baguette""",Paris
508320,5,2,3,4,Co-worker,"Skyscrapers=>6,Sport=>2,Art and Music=>3,Carnival=>2,Cuisine=>4,Economic=>6",20,4,1,Dubai is my dream honeymoon destination.,Dubai
508320,5,5,5,5,Friends,"Skyscrapers=>1,Sport=>6,Art and Music=>5,Carnival=>6,Cuisine=>4,Economic=>4",27,1,1,"In Rio de Janeiro, every cop has to make a choice. He either turns dirty, keeps his mouth, or goes to war.",Rio de Janeiro
508320,5,5,2,3,Co-worker,"Skyscrapers=>5,Sport=>3,Art and Music=>5,Carnival=>2,Cuisine=>2,Economic=>5",1,800,5,Welcome to New York - Taylor swift,New York City
508320,5,4,5,5,"Partner,Friends","Skyscrapers=>6,Sport=>2,Art and Music=>5,Carnival=>2,Cuisine=>4,Economic=>5",5,5,100,We'll always have Paris.,Paris
